{"modelTopology":{"class_name":"Sequential","config":{"name":"sequential_1","layers":[{"class_name":"LSTM","config":{"name":"lstm_LSTM1","trainable":true,"batch_input_shape":[null,20,16],"dtype":"float32","units":32,"activation":"tanh","recurrent_activation":"sigmoid","use_bias":true,"kernel_initializer":{"class_name":"VarianceScaling","config":{"scale":1,"mode":"fan_avg","distribution":"uniform","seed":null}},"recurrent_initializer":{"class_name":"VarianceScaling","config":{"scale":1,"mode":"fan_avg","distribution":"uniform","seed":null}},"bias_initializer":{"class_name":"Zeros","config":{}},"unit_forget_bias":true,"kernel_regularizer":{"class_name":"L1L2","config":{"l1":0,"l2":0.0001}},"recurrent_regularizer":{"class_name":"L1L2","config":{"l1":0,"l2":0.0001}},"bias_regularizer":null,"activity_regularizer":null,"kernel_constraint":null,"recurrent_constraint":null,"bias_constraint":null,"dropout":0,"recurrent_dropout":0,"implementation":2,"return_sequences":true,"return_state":false,"go_backwards":false,"stateful":false,"unroll":false}},{"class_name":"LayerNormalization","config":{"axis":[2],"epsilon":0.001,"center":true,"scale":true,"beta_initializer":{"class_name":"Zeros","config":{}},"gamma_initializer":{"class_name":"Ones","config":{}},"beta_regularizer":null,"gamma_regularizer":null,"name":"layer_normalization_LayerNormalization1","trainable":true}},{"class_name":"Dropout","config":{"rate":null,"noise_shape":null,"seed":null,"name":"dropout_Dropout1","trainable":true}},{"class_name":"LSTM","config":{"name":"lstm_LSTM2","trainable":true,"units":16,"activation":"tanh","recurrent_activation":"sigmoid","use_bias":true,"kernel_initializer":{"class_name":"VarianceScaling","config":{"scale":1,"mode":"fan_avg","distribution":"uniform","seed":null}},"recurrent_initializer":{"class_name":"VarianceScaling","config":{"scale":1,"mode":"fan_avg","distribution":"uniform","seed":null}},"bias_initializer":{"class_name":"Zeros","config":{}},"unit_forget_bias":true,"kernel_regularizer":{"class_name":"L1L2","config":{"l1":0,"l2":0.0001}},"recurrent_regularizer":{"class_name":"L1L2","config":{"l1":0,"l2":0.0001}},"bias_regularizer":null,"activity_regularizer":null,"kernel_constraint":null,"recurrent_constraint":null,"bias_constraint":null,"dropout":0,"recurrent_dropout":0,"implementation":2,"return_sequences":false,"return_state":false,"go_backwards":false,"stateful":false,"unroll":false}},{"class_name":"LayerNormalization","config":{"axis":[1],"epsilon":0.001,"center":true,"scale":true,"beta_initializer":{"class_name":"Zeros","config":{}},"gamma_initializer":{"class_name":"Ones","config":{}},"beta_regularizer":null,"gamma_regularizer":null,"name":"layer_normalization_LayerNormalization2","trainable":true}},{"class_name":"Dropout","config":{"rate":null,"noise_shape":null,"seed":null,"name":"dropout_Dropout2","trainable":true}},{"class_name":"Dense","config":{"units":8,"activation":"relu","use_bias":true,"kernel_initializer":{"class_name":"VarianceScaling","config":{"scale":1,"mode":"fan_avg","distribution":"uniform","seed":null}},"bias_initializer":{"class_name":"Zeros","config":{}},"kernel_regularizer":{"class_name":"L1L2","config":{"l1":0,"l2":0.0001}},"bias_regularizer":null,"activity_regularizer":null,"kernel_constraint":{"class_name":"MaxNorm","config":{"max_value":3,"axis":0}},"bias_constraint":null,"name":"dense_Dense1","trainable":true}},{"class_name":"Dense","config":{"units":1,"activation":"linear","use_bias":true,"kernel_initializer":{"class_name":"VarianceScaling","config":{"scale":1,"mode":"fan_avg","distribution":"uniform","seed":null}},"bias_initializer":{"class_name":"Zeros","config":{}},"kernel_regularizer":null,"bias_regularizer":null,"activity_regularizer":null,"kernel_constraint":{"class_name":"MaxNorm","config":{"max_value":1,"axis":0}},"bias_constraint":null,"name":"dense_Dense2","trainable":true}}]},"keras_version":"tfjs-layers 4.22.0","backend":"tensor_flow.js"},"weightsManifest":[{"paths":["weights.bin"],"weights":[{"name":"lstm_LSTM1/kernel","shape":[16,128],"dtype":"float32"},{"name":"lstm_LSTM1/recurrent_kernel","shape":[32,128],"dtype":"float32"},{"name":"lstm_LSTM1/bias","shape":[128],"dtype":"float32"},{"name":"layer_normalization_LayerNormalization1/gamma","shape":[32],"dtype":"float32"},{"name":"layer_normalization_LayerNormalization1/beta","shape":[32],"dtype":"float32"},{"name":"lstm_LSTM2/kernel","shape":[32,64],"dtype":"float32"},{"name":"lstm_LSTM2/recurrent_kernel","shape":[16,64],"dtype":"float32"},{"name":"lstm_LSTM2/bias","shape":[64],"dtype":"float32"},{"name":"layer_normalization_LayerNormalization2/gamma","shape":[16],"dtype":"float32"},{"name":"layer_normalization_LayerNormalization2/beta","shape":[16],"dtype":"float32"},{"name":"dense_Dense1/kernel","shape":[16,8],"dtype":"float32"},{"name":"dense_Dense1/bias","shape":[8],"dtype":"float32"},{"name":"dense_Dense2/kernel","shape":[8,1],"dtype":"float32"},{"name":"dense_Dense2/bias","shape":[1],"dtype":"float32"}]}],"format":"layers-model","generatedBy":"TensorFlow.js tfjs-layers v4.22.0","convertedBy":null}