{
  "parameters": {
    "batchSize": 64,
    "learningRate": 0.001,
    "lstmUnits": [
      128,
      64
    ],
    "dropoutRate": 0.3,
    "l2Regularization": 0.01
  },
  "score": 0.022749196561524965,
  "hyperparameters": {
    "lookbackWindow": 20,
    "featureSize": 16,
    "epochs": 200,
    "validationSplit": 0.2,
    "patience": 15,
    "searchSpace": {
      "batchSize": [
        32,
        64,
        128
      ],
      "learningRate": [
        0.001,
        0.0005,
        0.0001
      ],
      "lstmUnits": [
        [
          32,
          16
        ],
        [
          64,
          32
        ],
        [
          128,
          64
        ]
      ],
      "dropoutRate": [
        0.2,
        0.3,
        0.4
      ],
      "l2Regularization": [
        0.0001,
        0.001,
        0.01
      ]
    }
  },
  "timestamp": "2024-11-13T03:00:53.305Z"
}