[
  {
    "params": {
      "batchSize": 32,
      "learningRate": 0.001,
      "lstmUnits": [
        32,
        16
      ],
      "dropoutRate": 0.2,
      "l2Regularization": 0.0001
    },
    "score": 13.675148687811324,
    "evaluation": {
      "mse": 0.9612827753726016,
      "mae": 0.7481116235665068,
      "directionalAccuracy": 56.44599303135889,
      "validPredictions": 287,
      "totalPredictions": 296
    }
  },
  {
    "params": {
      "batchSize": 32,
      "learningRate": 0.001,
      "lstmUnits": [
        32,
        16
      ],
      "dropoutRate": 0.2,
      "l2Regularization": 0.001
    },
    "score": 12.678384254959873,
    "evaluation": {
      "mse": 0.8520528672578855,
      "mae": 0.7070918932901079,
      "directionalAccuracy": 59.58188153310105,
      "validPredictions": 287,
      "totalPredictions": 296
    }
  },
  {
    "params": {
      "batchSize": 32,
      "learningRate": 0.001,
      "lstmUnits": [
        32,
        16
      ],
      "dropoutRate": 0.2,
      "l2Regularization": 0.01
    },
    "score": 11.421643675655783,
    "evaluation": {
      "mse": 0.8484326705008401,
      "mae": 0.7039682269420877,
      "directionalAccuracy": 63.76306620209059,
      "validPredictions": 287,
      "totalPredictions": 296
    }
  },
  {
    "params": {
      "batchSize": 32,
      "learningRate": 0.001,
      "lstmUnits": [
        32,
        16
      ],
      "dropoutRate": 0.3,
      "l2Regularization": 0.0001
    },
    "score": 12.719413379051474,
    "evaluation": {
      "mse": 0.9333618380565364,
      "mae": 0.7354436791972468,
      "directionalAccuracy": 59.58188153310105,
      "validPredictions": 287,
      "totalPredictions": 296
    }
  },
  {
    "params": {
      "batchSize": 32,
      "learningRate": 0.001,
      "lstmUnits": [
        32,
        16
      ],
      "dropoutRate": 0.3,
      "l2Regularization": 0.001
    },
    "score": 12.357294130853933,
    "evaluation": {
      "mse": 0.8357907835595363,
      "mae": 0.7037704251154946,
      "directionalAccuracy": 60.62717770034843,
      "validPredictions": 287,
      "totalPredictions": 296
    }
  },
  {
    "params": {
      "batchSize": 32,
      "learningRate": 0.001,
      "lstmUnits": [
        32,
        16
      ],
      "dropoutRate": 0.3,
      "l2Regularization": 0.01
    },
    "score": 11.114757855249394,
    "evaluation": {
      "mse": 0.8612645307580532,
      "mae": 0.7092025124918968,
      "directionalAccuracy": 64.80836236933798,
      "validPredictions": 287,
      "totalPredictions": 296
    }
  },
  {
    "params": {
      "batchSize": 32,
      "learningRate": 0.001,
      "lstmUnits": [
        32,
        16
      ],
      "dropoutRate": 0.4,
      "l2Regularization": 0.0001
    },
    "score": 12.151703444892016,
    "evaluation": {
      "mse": 0.8444479841094786,
      "mae": 0.7037893160074327,
      "directionalAccuracy": 61.32404181184668,
      "validPredictions": 287,
      "totalPredictions": 296
    }
  },
  {
    "params": {
      "batchSize": 32,
      "learningRate": 0.001,
      "lstmUnits": [
        32,
        16
      ],
      "dropoutRate": 0.4,
      "l2Regularization": 0.001
    },
    "score": 12.18144049244734,
    "evaluation": {
      "mse": 0.9077032198712218,
      "mae": 0.7185724935095225,
      "directionalAccuracy": 61.32404181184668,
      "validPredictions": 287,
      "totalPredictions": 296
    }
  },
  {
    "params": {
      "batchSize": 32,
      "learningRate": 0.001,
      "lstmUnits": [
        32,
        16
      ],
      "dropoutRate": 0.4,
      "l2Regularization": 0.01
    },
    "score": 12.455147708065088,
    "evaluation": {
      "mse": 0.8217341800846149,
      "mae": 0.7002590980367793,
      "directionalAccuracy": 60.278745644599304,
      "validPredictions": 287,
      "totalPredictions": 296
    }
  },
  {
    "params": {
      "batchSize": 32,
      "learningRate": 0.001,
      "lstmUnits": [
        64,
        32
      ],
      "dropoutRate": 0.2,
      "l2Regularization": 0.0001
    },
    "score": 11.346976108215506,
    "evaluation": {
      "mse": 0.9095188455486164,
      "mae": 0.7220601578265792,
      "directionalAccuracy": 64.11149825783971,
      "validPredictions": 287,
      "totalPredictions": 296
    }
  },
  {
    "params": {
      "batchSize": 32,
      "learningRate": 0.001,
      "lstmUnits": [
        64,
        32
      ],
      "dropoutRate": 0.2,
      "l2Regularization": 0.001
    },
    "score": 12.801393931828168,
    "evaluation": {
      "mse": 0.8892192959179014,
      "mae": 0.7191368555552764,
      "directionalAccuracy": 59.23344947735192,
      "validPredictions": 287,
      "totalPredictions": 296
    }
  },
  {
    "params": {
      "batchSize": 32,
      "learningRate": 0.001,
      "lstmUnits": [
        64,
        32
      ],
      "dropoutRate": 0.2,
      "l2Regularization": 0.01
    },
    "score": 11.294491610930077,
    "evaluation": {
      "mse": 0.8015142523824882,
      "mae": 0.691117957763322,
      "directionalAccuracy": 64.11149825783971,
      "validPredictions": 287,
      "totalPredictions": 296
    }
  },
  {
    "params": {
      "batchSize": 32,
      "learningRate": 0.001,
      "lstmUnits": [
        64,
        32
      ],
      "dropoutRate": 0.3,
      "l2Regularization": 0.0001
    },
    "score": 13.120743619578821,
    "evaluation": {
      "mse": 0.9019041164867432,
      "mae": 0.7214265533849493,
      "directionalAccuracy": 58.18815331010453,
      "validPredictions": 287,
      "totalPredictions": 296
    }
  },
  {
    "params": {
      "batchSize": 32,
      "learningRate": 0.001,
      "lstmUnits": [
        64,
        32
      ],
      "dropoutRate": 0.3,
      "l2Regularization": 0.001
    },
    "score": 12.156560798983342,
    "evaluation": {
      "mse": 0.8480213037035427,
      "mae": 0.7152160701864376,
      "directionalAccuracy": 61.32404181184668,
      "validPredictions": 287,
      "totalPredictions": 296
    }
  },
  {
    "params": {
      "batchSize": 32,
      "learningRate": 0.001,
      "lstmUnits": [
        64,
        32
      ],
      "dropoutRate": 0.3,
      "l2Regularization": 0.01
    },
    "score": 11.739551745619636,
    "evaluation": {
      "mse": 0.8528693472109107,
      "mae": 0.7124500572941029,
      "directionalAccuracy": 62.7177700348432,
      "validPredictions": 287,
      "totalPredictions": 296
    }
  },
  {
    "params": {
      "batchSize": 32,
      "learningRate": 0.001,
      "lstmUnits": [
        64,
        32
      ],
      "dropoutRate": 0.4,
      "l2Regularization": 0.0001
    },
    "score": 10.474424066317521,
    "evaluation": {
      "mse": 0.84744031553265,
      "mae": 0.6837811708476278,
      "directionalAccuracy": 66.89895470383276,
      "validPredictions": 287,
      "totalPredictions": 296
    }
  },
  {
    "params": {
      "batchSize": 32,
      "learningRate": 0.001,
      "lstmUnits": [
        64,
        32
      ],
      "dropoutRate": 0.4,
      "l2Regularization": 0.001
    },
    "score": 11.725869948275074,
    "evaluation": {
      "mse": 0.8367740285430214,
      "mae": 0.6883044910360816,
      "directionalAccuracy": 62.7177700348432,
      "validPredictions": 287,
      "totalPredictions": 296
    }
  },
  {
    "params": {
      "batchSize": 32,
      "learningRate": 0.001,
      "lstmUnits": [
        64,
        32
      ],
      "dropoutRate": 0.4,
      "l2Regularization": 0.01
    },
    "score": 12.063082804099981,
    "evaluation": {
      "mse": 0.8771408941819016,
      "mae": 0.713228689019896,
      "directionalAccuracy": 61.672473867595826,
      "validPredictions": 287,
      "totalPredictions": 296
    }
  },
  {
    "params": {
      "batchSize": 32,
      "learningRate": 0.001,
      "lstmUnits": [
        128,
        64
      ],
      "dropoutRate": 0.2,
      "l2Regularization": 0.0001
    },
    "score": 11.529204059175726,
    "evaluation": {
      "mse": 0.8526974720692698,
      "mae": 0.7083843808348586,
      "directionalAccuracy": 63.41463414634146,
      "validPredictions": 287,
      "totalPredictions": 296
    }
  },
  {
    "params": {
      "batchSize": 32,
      "learningRate": 0.001,
      "lstmUnits": [
        128,
        64
      ],
      "dropoutRate": 0.2,
      "l2Regularization": 0.001
    },
    "score": 10.761865843747314,
    "evaluation": {
      "mse": 0.7853443220429054,
      "mae": 0.6794189196858775,
      "directionalAccuracy": 65.85365853658537,
      "validPredictions": 287,
      "totalPredictions": 296
    }
  },
  {
    "params": {
      "batchSize": 32,
      "learningRate": 0.001,
      "lstmUnits": [
        128,
        64
      ],
      "dropoutRate": 0.2,
      "l2Regularization": 0.01
    },
    "score": 10.788498793174934,
    "evaluation": {
      "mse": 0.8400994870997114,
      "mae": 0.6951885310355379,
      "directionalAccuracy": 65.85365853658537,
      "validPredictions": 287,
      "totalPredictions": 296
    }
  },
  {
    "params": {
      "batchSize": 32,
      "learningRate": 0.001,
      "lstmUnits": [
        128,
        64
      ],
      "dropoutRate": 0.3,
      "l2Regularization": 0.0001
    },
    "score": 13.322787253567554,
    "evaluation": {
      "mse": 0.8882547153426763,
      "mae": 0.716240423374553,
      "directionalAccuracy": 57.491289198606275,
      "validPredictions": 287,
      "totalPredictions": 296
    }
  },
  {
    "params": {
      "batchSize": 32,
      "learningRate": 0.001,
      "lstmUnits": [
        128,
        64
      ],
      "dropoutRate": 0.3,
      "l2Regularization": 0.001
    },
    "score": 14.642111233078195,
    "evaluation": {
      "mse": 1.010508226559053,
      "mae": 0.7697976711319714,
      "directionalAccuracy": 53.31010452961672,
      "validPredictions": 287,
      "totalPredictions": 296
    }
  },
  {
    "params": {
      "batchSize": 32,
      "learningRate": 0.001,
      "lstmUnits": [
        128,
        64
      ],
      "dropoutRate": 0.3,
      "l2Regularization": 0.01
    },
    "score": 12.492710082903091,
    "evaluation": {
      "mse": 0.8948692525600126,
      "mae": 0.7279535841962602,
      "directionalAccuracy": 60.278745644599304,
      "validPredictions": 287,
      "totalPredictions": 296
    }
  },
  {
    "params": {
      "batchSize": 32,
      "learningRate": 0.001,
      "lstmUnits": [
        128,
        64
      ],
      "dropoutRate": 0.4,
      "l2Regularization": 0.0001
    },
    "score": 12.467721770319452,
    "evaluation": {
      "mse": 0.8519561419224556,
      "mae": 0.7018766897675364,
      "directionalAccuracy": 60.278745644599304,
      "validPredictions": 287,
      "totalPredictions": 296
    }
  },
  {
    "params": {
      "batchSize": 32,
      "learningRate": 0.001,
      "lstmUnits": [
        128,
        64
      ],
      "dropoutRate": 0.4,
      "l2Regularization": 0.001
    },
    "score": 11.92195111244884,
    "evaluation": {
      "mse": 0.8037213819495597,
      "mae": 0.6891144555750002,
      "directionalAccuracy": 62.02090592334495,
      "validPredictions": 287,
      "totalPredictions": 296
    }
  },
  {
    "params": {
      "batchSize": 32,
      "learningRate": 0.001,
      "lstmUnits": [
        128,
        64
      ],
      "dropoutRate": 0.4,
      "l2Regularization": 0.01
    },
    "score": 10.851910154084353,
    "evaluation": {
      "mse": 0.7556787958694534,
      "mae": 0.6706885999581332,
      "directionalAccuracy": 65.50522648083623,
      "validPredictions": 287,
      "totalPredictions": 296
    }
  },
  {
    "params": {
      "batchSize": 32,
      "learningRate": 0.0005,
      "lstmUnits": [
        32,
        16
      ],
      "dropoutRate": 0.2,
      "l2Regularization": 0.0001
    },
    "score": 13.97000898108432,
    "evaluation": {
      "mse": 0.9287141198881477,
      "mae": 0.7291079745417013,
      "directionalAccuracy": 55.400696864111495,
      "validPredictions": 287,
      "totalPredictions": 296
    }
  },
  {
    "params": {
      "batchSize": 32,
      "learningRate": 0.0005,
      "lstmUnits": [
        32,
        16
      ],
      "dropoutRate": 0.2,
      "l2Regularization": 0.001
    },
    "score": 13.969842768134102,
    "evaluation": {
      "mse": 0.919486802527356,
      "mae": 0.7408570211886945,
      "directionalAccuracy": 55.400696864111495,
      "validPredictions": 287,
      "totalPredictions": 296
    }
  },
  {
    "params": {
      "batchSize": 32,
      "learningRate": 0.0005,
      "lstmUnits": [
        32,
        16
      ],
      "dropoutRate": 0.2,
      "l2Regularization": 0.01
    },
    "score": 11.967356034047986,
    "evaluation": {
      "mse": 0.8894617577230906,
      "mae": 0.7261436932074483,
      "directionalAccuracy": 62.02090592334495,
      "validPredictions": 287,
      "totalPredictions": 296
    }
  },
  {
    "params": {
      "batchSize": 32,
      "learningRate": 0.0005,
      "lstmUnits": [
        32,
        16
      ],
      "dropoutRate": 0.3,
      "l2Regularization": 0.0001
    },
    "score": 12.1605419152963,
    "evaluation": {
      "mse": 0.8658046502581593,
      "mae": 0.7047753291568015,
      "directionalAccuracy": 61.32404181184668,
      "validPredictions": 287,
      "totalPredictions": 296
    }
  },
  {
    "params": {
      "batchSize": 32,
      "learningRate": 0.0005,
      "lstmUnits": [
        32,
        16
      ],
      "dropoutRate": 0.3,
      "l2Regularization": 0.001
    },
    "score": 0.059093990765241335,
    "evaluation": {
      "mse": 0.031243091397116285,
      "mae": 0.15532251402131608,
      "directionalAccuracy": 100,
      "validPredictions": 296,
      "totalPredictions": 296
    },
    "timestamp": "2024-11-12T07:15:25.480Z"
  },
  {
    "params": {
      "batchSize": 32,
      "learningRate": 0.0005,
      "lstmUnits": [
        32,
        16
      ],
      "dropoutRate": 0.3,
      "l2Regularization": 0.01
    },
    "score": 0.08172183400609652,
    "evaluation": {
      "mse": 0.049648234893433084,
      "mae": 0.20620846682907762,
      "directionalAccuracy": 100,
      "validPredictions": 296,
      "totalPredictions": 296
    },
    "timestamp": "2024-11-12T07:21:36.126Z"
  },
  {
    "params": {
      "batchSize": 32,
      "learningRate": 0.0005,
      "lstmUnits": [
        32,
        16
      ],
      "dropoutRate": 0.4,
      "l2Regularization": 0.0001
    },
    "score": 0.038364322628290405,
    "evaluation": {
      "mse": 0.017021593508809347,
      "mae": 0.10518561741588889,
      "directionalAccuracy": 100,
      "validPredictions": 296,
      "totalPredictions": 296
    },
    "timestamp": "2024-11-12T07:24:00.353Z"
  },
  {
    "params": {
      "batchSize": 32,
      "learningRate": 0.0005,
      "lstmUnits": [
        32,
        16
      ],
      "dropoutRate": 0.4,
      "l2Regularization": 0.001
    },
    "score": 0.05976009203188568,
    "evaluation": {
      "mse": 0.03160527886966402,
      "mae": 0.15705993494673356,
      "directionalAccuracy": 100,
      "validPredictions": 296,
      "totalPredictions": 296
    },
    "timestamp": "2024-11-12T07:26:43.875Z"
  },
  {
    "params": {
      "batchSize": 32,
      "learningRate": 0.0005,
      "lstmUnits": [
        32,
        16
      ],
      "dropoutRate": 0.4,
      "l2Regularization": 0.01
    },
    "score": 0.0802231392804889,
    "evaluation": {
      "mse": 0.04953809161968864,
      "mae": 0.2013596754420448,
      "directionalAccuracy": 100,
      "validPredictions": 296,
      "totalPredictions": 296
    },
    "timestamp": "2024-11-12T07:29:23.659Z"
  },
  {
    "params": {
      "batchSize": 32,
      "learningRate": 0.0005,
      "lstmUnits": [
        64,
        32
      ],
      "dropoutRate": 0.2,
      "l2Regularization": 0.0001
    },
    "score": 0.05100976708249106,
    "evaluation": {
      "mse": 0.0246453770959811,
      "mae": 0.1371720541469954,
      "directionalAccuracy": 100,
      "validPredictions": 296,
      "totalPredictions": 296
    },
    "timestamp": "2024-11-12T07:35:36.703Z"
  },
  {
    "params": {
      "batchSize": 32,
      "learningRate": 0.0005,
      "lstmUnits": [
        64,
        32
      ],
      "dropoutRate": 0.2,
      "l2Regularization": 0.001
    },
    "score": 0.022194763304473793,
    "evaluation": {
      "mse": 0.007443634330671111,
      "mae": 0.06405769857401783,
      "directionalAccuracy": 100,
      "validPredictions": 296,
      "totalPredictions": 296
    },
    "timestamp": "2024-11-12T07:42:53.498Z"
  },
  {
    "params": {
      "batchSize": 32,
      "learningRate": 0.0005,
      "lstmUnits": [
        64,
        32
      ],
      "dropoutRate": 0.2,
      "l2Regularization": 0.01
    },
    "score": 0.07797060714303765,
    "evaluation": {
      "mse": 0.04690803332516376,
      "mae": 0.19735797937657382,
      "directionalAccuracy": 100,
      "validPredictions": 296,
      "totalPredictions": 296
    },
    "timestamp": "2024-11-12T07:45:33.281Z"
  },
  {
    "params": {
      "batchSize": 32,
      "learningRate": 0.0005,
      "lstmUnits": [
        64,
        32
      ],
      "dropoutRate": 0.3,
      "l2Regularization": 0.0001
    },
    "score": 0.020350653031292604,
    "evaluation": {
      "mse": 0.006288276588859907,
      "mae": 0.05945114131916214,
      "directionalAccuracy": 100,
      "validPredictions": 296,
      "totalPredictions": 296
    },
    "timestamp": "2024-11-12T07:52:57.145Z"
  },
  {
    "params": {
      "batchSize": 32,
      "learningRate": 0.0005,
      "lstmUnits": [
        64,
        32
      ],
      "dropoutRate": 0.3,
      "l2Regularization": 0.001
    },
    "score": 0.02519218033815938,
    "evaluation": {
      "mse": 0.009195589213304258,
      "mae": 0.07171314884279226,
      "directionalAccuracy": 100,
      "validPredictions": 296,
      "totalPredictions": 296
    },
    "timestamp": "2024-11-12T07:55:36.131Z"
  },
  {
    "params": {
      "batchSize": 32,
      "learningRate": 0.0005,
      "lstmUnits": [
        64,
        32
      ],
      "dropoutRate": 0.3,
      "l2Regularization": 0.01
    },
    "score": 0.02156895509690827,
    "evaluation": {
      "mse": 0.0067622484978181584,
      "mae": 0.06288018565927003,
      "directionalAccuracy": 100,
      "validPredictions": 296,
      "totalPredictions": 296
    },
    "timestamp": "2024-11-12T08:00:07.768Z"
  },
  {
    "params": {
      "batchSize": 32,
      "learningRate": 0.0005,
      "lstmUnits": [
        64,
        32
      ],
      "dropoutRate": 0.4,
      "l2Regularization": 0.0001
    },
    "score": 0.0584521025573296,
    "evaluation": {
      "mse": 0.030094393227706198,
      "mae": 0.15471448422082373,
      "directionalAccuracy": 100,
      "validPredictions": 296,
      "totalPredictions": 296
    },
    "timestamp": "2024-11-12T08:04:25.906Z"
  },
  {
    "params": {
      "batchSize": 32,
      "learningRate": 0.0005,
      "lstmUnits": [
        64,
        32
      ],
      "dropoutRate": 0.4,
      "l2Regularization": 0.001
    },
    "score": 0.06033817748649287,
    "evaluation": {
      "mse": 0.032390910993264466,
      "mae": 0.15793937696395693,
      "directionalAccuracy": 100,
      "validPredictions": 296,
      "totalPredictions": 296
    },
    "timestamp": "2024-11-12T08:07:02.987Z"
  },
  {
    "params": {
      "batchSize": 32,
      "learningRate": 0.0005,
      "lstmUnits": [
        64,
        32
      ],
      "dropoutRate": 0.4,
      "l2Regularization": 0.01
    },
    "score": 0.061323692263896855,
    "evaluation": {
      "mse": 0.033359709955732904,
      "mae": 0.15993269427201232,
      "directionalAccuracy": 100,
      "validPredictions": 296,
      "totalPredictions": 296
    },
    "timestamp": "2024-11-12T08:09:17.913Z"
  },
  {
    "params": {
      "batchSize": 32,
      "learningRate": 0.0005,
      "lstmUnits": [
        128,
        64
      ],
      "dropoutRate": 0.2,
      "l2Regularization": 0.0001
    },
    "score": 0.05730598165511974,
    "evaluation": {
      "mse": 0.030403499726465087,
      "mae": 0.15048193921511238,
      "directionalAccuracy": 100,
      "validPredictions": 296,
      "totalPredictions": 296
    },
    "timestamp": "2024-11-12T08:12:56.110Z"
  },
  {
    "params": {
      "batchSize": 32,
      "learningRate": 0.0005,
      "lstmUnits": [
        128,
        64
      ],
      "dropoutRate": 0.2,
      "l2Regularization": 0.001
    },
    "score": 0.04340762947043545,
    "evaluation": {
      "mse": 0.019863775616332735,
      "mae": 0.11820706407967452,
      "directionalAccuracy": 100,
      "validPredictions": 296,
      "totalPredictions": 296
    },
    "timestamp": "2024-11-12T08:15:53.098Z"
  },
  {
    "params": {
      "batchSize": 32,
      "learningRate": 0.0005,
      "lstmUnits": [
        128,
        64
      ],
      "dropoutRate": 0.2,
      "l2Regularization": 0.01
    },
    "score": 0.033699838034974755,
    "evaluation": {
      "mse": 0.01368687889152331,
      "mae": 0.09408362159455144,
      "directionalAccuracy": 100,
      "validPredictions": 296,
      "totalPredictions": 296
    },
    "timestamp": "2024-11-12T08:23:18.516Z"
  },
  {
    "params": {
      "batchSize": 32,
      "learningRate": 0.0005,
      "lstmUnits": [
        128,
        64
      ],
      "dropoutRate": 0.3,
      "l2Regularization": 0.0001
    },
    "score": 0.055048105208448814,
    "evaluation": {
      "mse": 0.028104818028860893,
      "mae": 0.14602059332301487,
      "directionalAccuracy": 100,
      "validPredictions": 296,
      "totalPredictions": 296
    },
    "timestamp": "2024-11-12T08:25:46.520Z"
  },
  {
    "params": {
      "batchSize": 32,
      "learningRate": 0.0005,
      "lstmUnits": [
        128,
        64
      ],
      "dropoutRate": 0.3,
      "l2Regularization": 0.001
    },
    "score": 0.06614765617868038,
    "evaluation": {
      "mse": 0.0360882803891472,
      "mae": 0.1723744800767383,
      "directionalAccuracy": 100,
      "validPredictions": 296,
      "totalPredictions": 296
    },
    "timestamp": "2024-11-12T08:28:54.046Z"
  },
  {
    "params": {
      "batchSize": 32,
      "learningRate": 0.0005,
      "lstmUnits": [
        128,
        64
      ],
      "dropoutRate": 0.3,
      "l2Regularization": 0.01
    },
    "score": 0.03376669759975328,
    "evaluation": {
      "mse": 0.013630039262193548,
      "mae": 0.09438227298291954,
      "directionalAccuracy": 100,
      "validPredictions": 296,
      "totalPredictions": 296
    },
    "timestamp": "2024-11-12T08:36:09.791Z"
  },
  {
    "params": {
      "batchSize": 32,
      "learningRate": 0.0005,
      "lstmUnits": [
        128,
        64
      ],
      "dropoutRate": 0.4,
      "l2Regularization": 0.0001
    },
    "score": 0.015831728116700985,
    "evaluation": {
      "mse": 0.0038645520283166245,
      "mae": 0.04761969101791446,
      "directionalAccuracy": 100,
      "validPredictions": 296,
      "totalPredictions": 296
    },
    "timestamp": "2024-11-12T08:45:41.675Z"
  },
  {
    "params": {
      "batchSize": 32,
      "learningRate": 0.0005,
      "lstmUnits": [
        128,
        64
      ],
      "dropoutRate": 0.4,
      "l2Regularization": 0.001
    },
    "score": 0.07256444479439982,
    "evaluation": {
      "mse": 0.042538587161905415,
      "mae": 0.1851633664321255,
      "directionalAccuracy": 100,
      "validPredictions": 296,
      "totalPredictions": 296
    },
    "timestamp": "2024-11-12T08:48:30.837Z"
  },
  {
    "params": {
      "batchSize": 32,
      "learningRate": 0.0005,
      "lstmUnits": [
        128,
        64
      ],
      "dropoutRate": 0.4,
      "l2Regularization": 0.01
    },
    "score": 0.06582114814763855,
    "evaluation": {
      "mse": 0.03680193138430441,
      "mae": 0.17033458531305595,
      "directionalAccuracy": 100,
      "validPredictions": 296,
      "totalPredictions": 296
    },
    "timestamp": "2024-11-12T08:51:58.374Z"
  },
  {
    "params": {
      "batchSize": 32,
      "learningRate": 0.0001,
      "lstmUnits": [
        32,
        16
      ],
      "dropoutRate": 0.2,
      "l2Regularization": 0.0001
    },
    "score": 0.023160747788041818,
    "evaluation": {
      "mse": 0.007642525228094778,
      "mae": 0.06701245898934635,
      "directionalAccuracy": 100,
      "validPredictions": 296,
      "totalPredictions": 296
    },
    "timestamp": "2024-11-12T08:58:41.944Z"
  },
  {
    "params": {
      "batchSize": 32,
      "learningRate": 0.0001,
      "lstmUnits": [
        32,
        16
      ],
      "dropoutRate": 0.2,
      "l2Regularization": 0.001
    },
    "score": 0.09621962446609068,
    "evaluation": {
      "mse": 0.06412697596753392,
      "mae": 0.23522944693025705,
      "directionalAccuracy": 100,
      "validPredictions": 296,
      "totalPredictions": 296
    },
    "timestamp": "2024-11-12T09:04:09.484Z"
  },
  {
    "params": {
      "batchSize": 32,
      "learningRate": 0.0001,
      "lstmUnits": [
        32,
        16
      ],
      "dropoutRate": 0.2,
      "l2Regularization": 0.01
    },
    "score": 0.04164225626270651,
    "evaluation": {
      "mse": 0.019859954665363066,
      "mae": 0.11232758132187096,
      "directionalAccuracy": 100,
      "validPredictions": 296,
      "totalPredictions": 296
    },
    "timestamp": "2024-11-12T09:07:09.588Z"
  },
  {
    "params": {
      "batchSize": 32,
      "learningRate": 0.0001,
      "lstmUnits": [
        32,
        16
      ],
      "dropoutRate": 0.3,
      "l2Regularization": 0.0001
    },
    "score": 0.02556395017186496,
    "evaluation": {
      "mse": 0.009197683790244668,
      "mae": 0.07294958885255698,
      "directionalAccuracy": 100,
      "validPredictions": 296,
      "totalPredictions": 296
    },
    "timestamp": "2024-11-12T09:14:05.111Z"
  },
  {
    "params": {
      "batchSize": 32,
      "learningRate": 0.0001,
      "lstmUnits": [
        32,
        16
      ],
      "dropoutRate": 0.3,
      "l2Regularization": 0.001
    },
    "score": 0.041088018094658965,
    "evaluation": {
      "mse": 0.019050925898318635,
      "mae": 0.11155882578443836,
      "directionalAccuracy": 100,
      "validPredictions": 296,
      "totalPredictions": 296
    },
    "timestamp": "2024-11-12T09:18:46.553Z"
  },
  {
    "params": {
      "batchSize": 32,
      "learningRate": 0.0001,
      "lstmUnits": [
        32,
        16
      ],
      "dropoutRate": 0.3,
      "l2Regularization": 0.01
    },
    "score": 0.04262669669403218,
    "evaluation": {
      "mse": 0.02003117148561558,
      "mae": 0.11538076033261982,
      "directionalAccuracy": 100,
      "validPredictions": 296,
      "totalPredictions": 296
    },
    "timestamp": "2024-11-12T09:20:58.670Z"
  },
  {
    "params": {
      "batchSize": 32,
      "learningRate": 0.0001,
      "lstmUnits": [
        32,
        16
      ],
      "dropoutRate": 0.4,
      "l2Regularization": 0.0001
    },
    "score": 0.02779497917560563,
    "evaluation": {
      "mse": 0.010533854265175115,
      "mae": 0.07860479156511861,
      "directionalAccuracy": 100,
      "validPredictions": 296,
      "totalPredictions": 296
    },
    "timestamp": "2024-11-12T09:24:20.022Z"
  },
  {
    "params": {
      "batchSize": 32,
      "learningRate": 0.0001,
      "lstmUnits": [
        32,
        16
      ],
      "dropoutRate": 0.4,
      "l2Regularization": 0.001
    },
    "score": 0.05641389491708677,
    "evaluation": {
      "mse": 0.030398249374893344,
      "mae": 0.14751531722376476,
      "directionalAccuracy": 100,
      "validPredictions": 296,
      "totalPredictions": 296
    },
    "timestamp": "2024-11-12T09:25:57.732Z"
  },
  {
    "params": {
      "batchSize": 32,
      "learningRate": 0.0001,
      "lstmUnits": [
        32,
        16
      ],
      "dropoutRate": 0.4,
      "l2Regularization": 0.01
    },
    "score": 0.06061119055039883,
    "evaluation": {
      "mse": 0.03317468424394889,
      "mae": 0.1578043895093976,
      "directionalAccuracy": 100,
      "validPredictions": 296,
      "totalPredictions": 296
    },
    "timestamp": "2024-11-12T09:28:53.497Z"
  },
  {
    "params": {
      "batchSize": 32,
      "learningRate": 0.0001,
      "lstmUnits": [
        64,
        32
      ],
      "dropoutRate": 0.2,
      "l2Regularization": 0.0001
    },
    "score": 0.048310107895558355,
    "evaluation": {
      "mse": 0.024036096967020765,
      "mae": 0.1289855636958335,
      "directionalAccuracy": 100,
      "validPredictions": 296,
      "totalPredictions": 296
    },
    "timestamp": "2024-11-12T09:35:33.110Z"
  },
  {
    "params": {
      "batchSize": 32,
      "learningRate": 0.0001,
      "lstmUnits": [
        64,
        32
      ],
      "dropoutRate": 0.2,
      "l2Regularization": 0.001
    },
    "score": 0.08145634747678698,
    "evaluation": {
      "mse": 0.05049739088962644,
      "mae": 0.20419130373645472,
      "directionalAccuracy": 100,
      "validPredictions": 296,
      "totalPredictions": 296
    },
    "timestamp": "2024-11-12T09:37:49.237Z"
  },
  {
    "params": {
      "batchSize": 32,
      "learningRate": 0.0001,
      "lstmUnits": [
        64,
        32
      ],
      "dropoutRate": 0.2,
      "l2Regularization": 0.01
    },
    "score": 0.058578927596746724,
    "evaluation": {
      "mse": 0.031029915080349527,
      "mae": 0.15388987188202305,
      "directionalAccuracy": 100,
      "validPredictions": 296,
      "totalPredictions": 296
    },
    "timestamp": "2024-11-12T09:42:43.676Z"
  },
  {
    "params": {
      "batchSize": 32,
      "learningRate": 0.0001,
      "lstmUnits": [
        64,
        32
      ],
      "dropoutRate": 0.3,
      "l2Regularization": 0.0001
    },
    "score": 0.06028924711713192,
    "evaluation": {
      "mse": 0.032979468247678966,
      "mae": 0.15699153272686778,
      "directionalAccuracy": 100,
      "validPredictions": 296,
      "totalPredictions": 296
    },
    "timestamp": "2024-11-12T09:47:43.511Z"
  },
  {
    "params": {
      "batchSize": 32,
      "learningRate": 0.0001,
      "lstmUnits": [
        64,
        32
      ],
      "dropoutRate": 0.3,
      "l2Regularization": 0.001
    },
    "score": 0.05433119079914644,
    "evaluation": {
      "mse": 0.02797706025126504,
      "mae": 0.1438012223288014,
      "directionalAccuracy": 100,
      "validPredictions": 296,
      "totalPredictions": 296
    },
    "timestamp": "2024-11-12T09:53:38.310Z"
  },
  {
    "params": {
      "batchSize": 32,
      "learningRate": 0.0001,
      "lstmUnits": [
        64,
        32
      ],
      "dropoutRate": 0.3,
      "l2Regularization": 0.01
    },
    "score": 0.024612095567371577,
    "evaluation": {
      "mse": 0.008689929008657522,
      "mae": 0.0704537465463619,
      "directionalAccuracy": 100,
      "validPredictions": 296,
      "totalPredictions": 296
    },
    "timestamp": "2024-11-12T09:56:29.139Z"
  },
  {
    "params": {
      "batchSize": 32,
      "learningRate": 0.0001,
      "lstmUnits": [
        64,
        32
      ],
      "dropoutRate": 0.4,
      "l2Regularization": 0.0001
    },
    "score": 0.08463582171532456,
    "evaluation": {
      "mse": 0.053367918648039823,
      "mae": 0.21096218085369547,
      "directionalAccuracy": 100,
      "validPredictions": 296,
      "totalPredictions": 296
    },
    "timestamp": "2024-11-12T09:58:43.205Z"
  },
  {
    "params": {
      "batchSize": 32,
      "learningRate": 0.0001,
      "lstmUnits": [
        64,
        32
      ],
      "dropoutRate": 0.4,
      "l2Regularization": 0.001
    },
    "score": 0.02652309530479183,
    "evaluation": {
      "mse": 0.010009476766219409,
      "mae": 0.07506434866101355,
      "directionalAccuracy": 100,
      "validPredictions": 296,
      "totalPredictions": 296
    },
    "timestamp": "2024-11-12T10:02:19.623Z"
  },
  {
    "params": {
      "batchSize": 32,
      "learningRate": 0.0001,
      "lstmUnits": [
        64,
        32
      ],
      "dropoutRate": 0.4,
      "l2Regularization": 0.01
    },
    "score": 0.0239571233880092,
    "evaluation": {
      "mse": 0.008371088445140057,
      "mae": 0.06869562669984393,
      "directionalAccuracy": 100,
      "validPredictions": 296,
      "totalPredictions": 296
    },
    "timestamp": "2024-11-12T10:07:45.975Z"
  },
  {
    "params": {
      "batchSize": 32,
      "learningRate": 0.0001,
      "lstmUnits": [
        128,
        64
      ],
      "dropoutRate": 0.2,
      "l2Regularization": 0.0001
    },
    "score": 0.03517262012005834,
    "evaluation": {
      "mse": 0.015233982471139426,
      "mae": 0.09693009043867523,
      "directionalAccuracy": 100,
      "validPredictions": 296,
      "totalPredictions": 296
    },
    "timestamp": "2024-11-12T10:09:57.937Z"
  },
  {
    "params": {
      "batchSize": 32,
      "learningRate": 0.0001,
      "lstmUnits": [
        128,
        64
      ],
      "dropoutRate": 0.2,
      "l2Regularization": 0.001
    },
    "score": 0.04874520785833652,
    "evaluation": {
      "mse": 0.02390611106854331,
      "mae": 0.1306092114363973,
      "directionalAccuracy": 100,
      "validPredictions": 296,
      "totalPredictions": 296
    },
    "timestamp": "2024-11-12T10:14:08.641Z"
  },
  {
    "params": {
      "batchSize": 32,
      "learningRate": 0.0001,
      "lstmUnits": [
        128,
        64
      ],
      "dropoutRate": 0.2,
      "l2Regularization": 0.01
    },
    "score": 0.06244710337855969,
    "evaluation": {
      "mse": 0.034076552306529416,
      "mae": 0.16272160818649306,
      "directionalAccuracy": 100,
      "validPredictions": 296,
      "totalPredictions": 296
    },
    "timestamp": "2024-11-12T10:16:48.136Z"
  },
  {
    "params": {
      "batchSize": 32,
      "learningRate": 0.0001,
      "lstmUnits": [
        128,
        64
      ],
      "dropoutRate": 0.3,
      "l2Regularization": 0.0001
    },
    "score": 0.08046387478488279,
    "evaluation": {
      "mse": 0.04891129606228618,
      "mae": 0.20299785453322772,
      "directionalAccuracy": 100,
      "validPredictions": 296,
      "totalPredictions": 296
    },
    "timestamp": "2024-11-12T10:20:32.306Z"
  },
  {
    "params": {
      "batchSize": 32,
      "learningRate": 0.0001,
      "lstmUnits": [
        128,
        64
      ],
      "dropoutRate": 0.3,
      "l2Regularization": 0.001
    },
    "score": 0.04246946987563176,
    "evaluation": {
      "mse": 0.020089653345607368,
      "mae": 0.11477869512462938,
      "directionalAccuracy": 100,
      "validPredictions": 296,
      "totalPredictions": 296
    },
    "timestamp": "2024-11-12T10:24:58.331Z"
  },
  {
    "params": {
      "batchSize": 32,
      "learningRate": 0.0001,
      "lstmUnits": [
        128,
        64
      ],
      "dropoutRate": 0.3,
      "l2Regularization": 0.01
    },
    "score": 0.07539712297916223,
    "evaluation": {
      "mse": 0.044595473258675855,
      "mae": 0.1918631122523063,
      "directionalAccuracy": 100,
      "validPredictions": 296,
      "totalPredictions": 296
    },
    "timestamp": "2024-11-12T10:27:15.834Z"
  },
  {
    "params": {
      "batchSize": 32,
      "learningRate": 0.0001,
      "lstmUnits": [
        128,
        64
      ],
      "dropoutRate": 0.4,
      "l2Regularization": 0.0001
    },
    "score": 0.049439364675576046,
    "evaluation": {
      "mse": 0.024373330261061477,
      "mae": 0.13230010857050484,
      "directionalAccuracy": 100,
      "validPredictions": 296,
      "totalPredictions": 296
    },
    "timestamp": "2024-11-12T10:30:15.516Z"
  },
  {
    "params": {
      "batchSize": 32,
      "learningRate": 0.0001,
      "lstmUnits": [
        128,
        64
      ],
      "dropoutRate": 0.4,
      "l2Regularization": 0.001
    },
    "score": 0.06710870951436926,
    "evaluation": {
      "mse": 0.037816352093206246,
      "mae": 0.17327389559028922,
      "directionalAccuracy": 100,
      "validPredictions": 296,
      "totalPredictions": 296
    },
    "timestamp": "2024-11-12T10:32:18.270Z"
  },
  {
    "params": {
      "batchSize": 32,
      "learningRate": 0.0001,
      "lstmUnits": [
        128,
        64
      ],
      "dropoutRate": 0.4,
      "l2Regularization": 0.01
    },
    "score": 0.023967729562942394,
    "evaluation": {
      "mse": 0.008287461219553179,
      "mae": 0.06884248358373707,
      "directionalAccuracy": 100,
      "validPredictions": 296,
      "totalPredictions": 296
    },
    "timestamp": "2024-11-12T10:36:14.879Z"
  },
  {
    "params": {
      "batchSize": 64,
      "learningRate": 0.001,
      "lstmUnits": [
        32,
        16
      ],
      "dropoutRate": 0.2,
      "l2Regularization": 0.0001
    },
    "score": 0.0587961400456053,
    "evaluation": {
      "mse": 0.030946398562860213,
      "mae": 0.15472526873487072,
      "directionalAccuracy": 100,
      "validPredictions": 296,
      "totalPredictions": 296
    },
    "timestamp": "2024-11-12T10:39:32.028Z"
  },
  {
    "params": {
      "batchSize": 64,
      "learningRate": 0.001,
      "lstmUnits": [
        32,
        16
      ],
      "dropoutRate": 0.2,
      "l2Regularization": 0.001
    },
    "score": 0.07909863600728993,
    "evaluation": {
      "mse": 0.047281061034098626,
      "mae": 0.20062070531216827,
      "directionalAccuracy": 100,
      "validPredictions": 296,
      "totalPredictions": 296
    },
    "timestamp": "2024-11-12T10:43:29.246Z"
  },
  {
    "params": {
      "batchSize": 64,
      "learningRate": 0.001,
      "lstmUnits": [
        32,
        16
      ],
      "dropoutRate": 0.2,
      "l2Regularization": 0.01
    },
    "score": 0.05058116651156553,
    "evaluation": {
      "mse": 0.026461036110429947,
      "mae": 0.13332250689131184,
      "directionalAccuracy": 100,
      "validPredictions": 296,
      "totalPredictions": 296
    },
    "timestamp": "2024-11-12T10:43:59.675Z"
  },
  {
    "params": {
      "batchSize": 64,
      "learningRate": 0.001,
      "lstmUnits": [
        32,
        16
      ],
      "dropoutRate": 0.3,
      "l2Regularization": 0.0001
    },
    "score": 0.054409003259239905,
    "evaluation": {
      "mse": 0.028424436116939292,
      "mae": 0.14346409604154728,
      "directionalAccuracy": 100,
      "validPredictions": 296,
      "totalPredictions": 296
    },
    "timestamp": "2024-11-12T10:45:50.054Z"
  },
  {
    "params": {
      "batchSize": 64,
      "learningRate": 0.001,
      "lstmUnits": [
        32,
        16
      ],
      "dropoutRate": 0.3,
      "l2Regularization": 0.001
    },
    "score": 0.0217389478278819,
    "evaluation": {
      "mse": 0.007029002118577436,
      "mae": 0.06309115660150309,
      "directionalAccuracy": 100,
      "validPredictions": 296,
      "totalPredictions": 296
    },
    "timestamp": "2024-11-12T10:48:48.333Z"
  },
  {
    "params": {
      "batchSize": 64,
      "learningRate": 0.001,
      "lstmUnits": [
        32,
        16
      ],
      "dropoutRate": 0.3,
      "l2Regularization": 0.01
    },
    "score": 0.05058085305779222,
    "evaluation": {
      "mse": 0.02508308592508813,
      "mae": 0.13515872895918987,
      "directionalAccuracy": 100,
      "validPredictions": 296,
      "totalPredictions": 296
    },
    "timestamp": "2024-11-12T10:51:33.827Z"
  },
  {
    "params": {
      "batchSize": 64,
      "learningRate": 0.001,
      "lstmUnits": [
        32,
        16
      ],
      "dropoutRate": 0.4,
      "l2Regularization": 0.0001
    },
    "score": 0.04745065505285676,
    "evaluation": {
      "mse": 0.02272675007296158,
      "mae": 0.12786651674557376,
      "directionalAccuracy": 100,
      "validPredictions": 296,
      "totalPredictions": 296
    },
    "timestamp": "2024-11-12T10:55:16.059Z"
  },
  {
    "params": {
      "batchSize": 64,
      "learningRate": 0.001,
      "lstmUnits": [
        32,
        16
      ],
      "dropoutRate": 0.4,
      "l2Regularization": 0.001
    },
    "score": 0.050994076142929945,
    "evaluation": {
      "mse": 0.025794665784969327,
      "mae": 0.13558736609647404,
      "directionalAccuracy": 100,
      "validPredictions": 296,
      "totalPredictions": 296
    },
    "timestamp": "2024-11-12T10:57:58.798Z"
  },
  {
    "params": {
      "batchSize": 64,
      "learningRate": 0.001,
      "lstmUnits": [
        32,
        16
      ],
      "dropoutRate": 0.4,
      "l2Regularization": 0.01
    },
    "score": 0.05727897326983797,
    "evaluation": {
      "mse": 0.03038251078544849,
      "mae": 0.15041989651886192,
      "directionalAccuracy": 100,
      "validPredictions": 296,
      "totalPredictions": 296
    },
    "timestamp": "2024-11-12T10:59:29.727Z"
  },
  {
    "params": {
      "batchSize": 64,
      "learningRate": 0.001,
      "lstmUnits": [
        64,
        32
      ],
      "dropoutRate": 0.2,
      "l2Regularization": 0.0001
    },
    "score": 0.036814131823120405,
    "evaluation": {
      "mse": 0.01572137027419781,
      "mae": 0.10175194571147093,
      "directionalAccuracy": 100,
      "validPredictions": 296,
      "totalPredictions": 296
    },
    "timestamp": "2024-11-12T11:02:02.900Z"
  },
  {
    "params": {
      "batchSize": 64,
      "learningRate": 0.001,
      "lstmUnits": [
        64,
        32
      ],
      "dropoutRate": 0.2,
      "l2Regularization": 0.001
    },
    "score": 0.05130693191634726,
    "evaluation": {
      "mse": 0.025126623663660735,
      "mae": 0.13752094150294322,
      "directionalAccuracy": 100,
      "validPredictions": 296,
      "totalPredictions": 296
    },
    "timestamp": "2024-11-12T11:06:18.077Z"
  },
  {
    "params": {
      "batchSize": 64,
      "learningRate": 0.001,
      "lstmUnits": [
        64,
        32
      ],
      "dropoutRate": 0.2,
      "l2Regularization": 0.01
    },
    "score": 0.037054704758113496,
    "evaluation": {
      "mse": 0.016026372868143315,
      "mae": 0.10214718536952057,
      "directionalAccuracy": 100,
      "validPredictions": 296,
      "totalPredictions": 296
    },
    "timestamp": "2024-11-12T11:08:30.161Z"
  },
  {
    "params": {
      "batchSize": 64,
      "learningRate": 0.001,
      "lstmUnits": [
        64,
        32
      ],
      "dropoutRate": 0.3,
      "l2Regularization": 0.0001
    },
    "score": 0.061222647202928374,
    "evaluation": {
      "mse": 0.03301383526479082,
      "mae": 0.1600570436567068,
      "directionalAccuracy": 100,
      "validPredictions": 296,
      "totalPredictions": 296
    },
    "timestamp": "2024-11-12T11:10:45.360Z"
  },
  {
    "params": {
      "batchSize": 64,
      "learningRate": 0.001,
      "lstmUnits": [
        64,
        32
      ],
      "dropoutRate": 0.3,
      "l2Regularization": 0.001
    },
    "score": 0.06926418059421119,
    "evaluation": {
      "mse": 0.03921016271304565,
      "mae": 0.17860038502997644,
      "directionalAccuracy": 100,
      "validPredictions": 296,
      "totalPredictions": 296
    },
    "timestamp": "2024-11-12T11:12:45.665Z"
  },
  {
    "params": {
      "batchSize": 64,
      "learningRate": 0.001,
      "lstmUnits": [
        64,
        32
      ],
      "dropoutRate": 0.3,
      "l2Regularization": 0.01
    },
    "score": 0.056974905196318516,
    "evaluation": {
      "mse": 0.029990445056383874,
      "mae": 0.14992909057921655,
      "directionalAccuracy": 100,
      "validPredictions": 296,
      "totalPredictions": 296
    },
    "timestamp": "2024-11-12T11:15:18.065Z"
  },
  {
    "params": {
      "batchSize": 64,
      "learningRate": 0.001,
      "lstmUnits": [
        64,
        32
      ],
      "dropoutRate": 0.4,
      "l2Regularization": 0.0001
    },
    "score": 0.03352617508560744,
    "evaluation": {
      "mse": 0.014140675317096426,
      "mae": 0.09289968319589624,
      "directionalAccuracy": 100,
      "validPredictions": 296,
      "totalPredictions": 296
    },
    "timestamp": "2024-11-13T02:31:01.452Z"
  },
  {
    "params": {
      "batchSize": 64,
      "learningRate": 0.001,
      "lstmUnits": [
        64,
        32
      ],
      "dropoutRate": 0.4,
      "l2Regularization": 0.001
    },
    "score": 0.0637020699527788,
    "evaluation": {
      "mse": 0.03629359919740664,
      "mae": 0.16394876757938717,
      "directionalAccuracy": 100,
      "validPredictions": 296,
      "totalPredictions": 296
    },
    "timestamp": "2024-11-13T02:32:49.010Z"
  },
  {
    "params": {
      "batchSize": 64,
      "learningRate": 0.001,
      "lstmUnits": [
        64,
        32
      ],
      "dropoutRate": 0.4,
      "l2Regularization": 0.01
    },
    "score": 0.06742597730345443,
    "evaluation": {
      "mse": 0.03939440057193666,
      "mae": 0.17222739024893255,
      "directionalAccuracy": 100,
      "validPredictions": 296,
      "totalPredictions": 296
    },
    "timestamp": "2024-11-13T02:38:46.385Z"
  },
  {
    "params": {
      "batchSize": 64,
      "learningRate": 0.001,
      "lstmUnits": [
        128,
        64
      ],
      "dropoutRate": 0.2,
      "l2Regularization": 0.0001
    },
    "score": 0.058288304291932325,
    "evaluation": {
      "mse": 0.031716403210120245,
      "mae": 0.15200581002628077,
      "directionalAccuracy": 100,
      "validPredictions": 296,
      "totalPredictions": 296
    },
    "timestamp": "2024-11-13T02:41:09.427Z"
  },
  {
    "params": {
      "batchSize": 64,
      "learningRate": 0.001,
      "lstmUnits": [
        128,
        64
      ],
      "dropoutRate": 0.2,
      "l2Regularization": 0.001
    },
    "score": 0.07468461537488011,
    "evaluation": {
      "mse": 0.04517613716526725,
      "mae": 0.1887138683625774,
      "directionalAccuracy": 100,
      "validPredictions": 296,
      "totalPredictions": 296
    },
    "timestamp": "2024-11-13T02:44:19.073Z"
  },
  {
    "params": {
      "batchSize": 64,
      "learningRate": 0.001,
      "lstmUnits": [
        128,
        64
      ],
      "dropoutRate": 0.2,
      "l2Regularization": 0.01
    },
    "score": 0.0547713564182582,
    "evaluation": {
      "mse": 0.028924234164834823,
      "mae": 0.14400554250774755,
      "directionalAccuracy": 100,
      "validPredictions": 296,
      "totalPredictions": 296
    },
    "timestamp": "2024-11-13T02:48:18.600Z"
  },
  {
    "params": {
      "batchSize": 64,
      "learningRate": 0.001,
      "lstmUnits": [
        128,
        64
      ],
      "dropoutRate": 0.3,
      "l2Regularization": 0.0001
    },
    "score": 0.06793043366742581,
    "evaluation": {
      "mse": 0.039920758062281,
      "mae": 0.17320710147504467,
      "directionalAccuracy": 100,
      "validPredictions": 296,
      "totalPredictions": 296
    },
    "timestamp": "2024-11-13T02:49:55.736Z"
  },
  {
    "params": {
      "batchSize": 64,
      "learningRate": 0.001,
      "lstmUnits": [
        128,
        64
      ],
      "dropoutRate": 0.3,
      "l2Regularization": 0.001
    },
    "score": 0.031042405518659423,
    "evaluation": {
      "mse": 0.012229440375058933,
      "mae": 0.0871687645621195,
      "directionalAccuracy": 100,
      "validPredictions": 296,
      "totalPredictions": 296
    },
    "timestamp": "2024-11-13T02:54:07.919Z"
  },
  {
    "params": {
      "batchSize": 64,
      "learningRate": 0.001,
      "lstmUnits": [
        128,
        64
      ],
      "dropoutRate": 0.3,
      "l2Regularization": 0.01
    },
    "score": 0.022749196561524965,
    "evaluation": {
      "mse": 0.00751521400218369,
      "mae": 0.0658103698688383,
      "directionalAccuracy": 100,
      "validPredictions": 296,
      "totalPredictions": 296
    },
    "timestamp": "2024-11-13T03:00:53.299Z"
  },
  {
    "params": {
      "batchSize": 64,
      "learningRate": 0.001,
      "lstmUnits": [
        128,
        64
      ],
      "dropoutRate": 0.4,
      "l2Regularization": 0.0001
    },
    "score": 0.05645480698091712,
    "evaluation": {
      "mse": 0.029452970234862322,
      "mae": 0.148912062956574,
      "directionalAccuracy": 100,
      "validPredictions": 296,
      "totalPredictions": 296
    },
    "timestamp": "2024-11-13T03:05:33.132Z"
  },
  {
    "params": {
      "batchSize": 64,
      "learningRate": 0.001,
      "lstmUnits": [
        128,
        64
      ],
      "dropoutRate": 0.4,
      "l2Regularization": 0.001
    },
    "score": 0.0581492078306032,
    "evaluation": {
      "mse": 0.03089605901823992,
      "mae": 0.1526359474110241,
      "directionalAccuracy": 100,
      "validPredictions": 296,
      "totalPredictions": 296
    },
    "timestamp": "2024-11-13T03:08:39.413Z"
  },
  {
    "params": {
      "batchSize": 64,
      "learningRate": 0.001,
      "lstmUnits": [
        128,
        64
      ],
      "dropoutRate": 0.4,
      "l2Regularization": 0.01
    },
    "score": 0.03900361614277677,
    "evaluation": {
      "mse": 0.01718825314045556,
      "mae": 0.10709438295531515,
      "directionalAccuracy": 100,
      "validPredictions": 296,
      "totalPredictions": 296
    },
    "timestamp": "2024-11-13T03:14:11.024Z"
  },
  {
    "params": {
      "batchSize": 64,
      "learningRate": 0.0005,
      "lstmUnits": [
        32,
        16
      ],
      "dropoutRate": 0.2,
      "l2Regularization": 0.0001
    },
    "score": 0.07567747640552289,
    "evaluation": {
      "mse": 0.046120986251259606,
      "mae": 0.19076360635006348,
      "directionalAccuracy": 100,
      "validPredictions": 296,
      "totalPredictions": 296
    },
    "timestamp": "2024-11-13T03:19:23.989Z"
  },
  {
    "params": {
      "batchSize": 64,
      "learningRate": 0.0005,
      "lstmUnits": [
        32,
        16
      ],
      "dropoutRate": 0.2,
      "l2Regularization": 0.001
    },
    "score": 0.027725845849345728,
    "evaluation": {
      "mse": 0.010198573407950795,
      "mae": 0.07882138828721803,
      "directionalAccuracy": 100,
      "validPredictions": 296,
      "totalPredictions": 296
    },
    "timestamp": "2024-11-13T03:24:46.934Z"
  },
  {
    "params": {
      "batchSize": 64,
      "learningRate": 0.0005,
      "lstmUnits": [
        32,
        16
      ],
      "dropoutRate": 0.2,
      "l2Regularization": 0.01
    },
    "score": 0.06658062697086192,
    "evaluation": {
      "mse": 0.038449116761016165,
      "mae": 0.1706699342215182,
      "directionalAccuracy": 100,
      "validPredictions": 296,
      "totalPredictions": 296
    },
    "timestamp": "2024-11-13T03:28:36.285Z"
  },
  {
    "params": {
      "batchSize": 64,
      "learningRate": 0.0005,
      "lstmUnits": [
        32,
        16
      ],
      "dropoutRate": 0.3,
      "l2Regularization": 0.0001
    },
    "score": 0.02978923650981449,
    "evaluation": {
      "mse": 0.01157460683514851,
      "mae": 0.08386464591918362,
      "directionalAccuracy": 100,
      "validPredictions": 296,
      "totalPredictions": 296
    },
    "timestamp": "2024-11-13T03:33:34.368Z"
  },
  {
    "params": {
      "batchSize": 64,
      "learningRate": 0.0005,
      "lstmUnits": [
        32,
        16
      ],
      "dropoutRate": 0.3,
      "l2Regularization": 0.001
    },
    "score": 0.036405237398921,
    "evaluation": {
      "mse": 0.016623822282572278,
      "mae": 0.09918569495297365,
      "directionalAccuracy": 100,
      "validPredictions": 296,
      "totalPredictions": 296
    },
    "timestamp": "2024-11-13T03:39:02.245Z"
  },
  {
    "params": {
      "batchSize": 64,
      "learningRate": 0.0005,
      "lstmUnits": [
        32,
        16
      ],
      "dropoutRate": 0.3,
      "l2Regularization": 0.01
    },
    "score": 0.04932807050652979,
    "evaluation": {
      "mse": 0.02531564478290685,
      "mae": 0.13067270864455685,
      "directionalAccuracy": 100,
      "validPredictions": 296,
      "totalPredictions": 296
    },
    "timestamp": "2024-11-13T03:41:08.104Z"
  },
  {
    "params": {
      "batchSize": 64,
      "learningRate": 0.0005,
      "lstmUnits": [
        32,
        16
      ],
      "dropoutRate": 0.4,
      "l2Regularization": 0.0001
    },
    "score": 0.06900772388155031,
    "evaluation": {
      "mse": 0.04106128606218939,
      "mae": 0.17527736485558185,
      "directionalAccuracy": 100,
      "validPredictions": 296,
      "totalPredictions": 296
    },
    "timestamp": "2024-11-13T03:45:17.531Z"
  },
  {
    "params": {
      "batchSize": 64,
      "learningRate": 0.0005,
      "lstmUnits": [
        32,
        16
      ],
      "dropoutRate": 0.4,
      "l2Regularization": 0.001
    },
    "score": 0.0611433148895278,
    "evaluation": {
      "mse": 0.03418531090001335,
      "mae": 0.1582306350984082,
      "directionalAccuracy": 100,
      "validPredictions": 296,
      "totalPredictions": 296
    },
    "timestamp": "2024-11-13T03:49:21.077Z"
  },
  {
    "params": {
      "batchSize": 64,
      "learningRate": 0.0005,
      "lstmUnits": [
        32,
        16
      ],
      "dropoutRate": 0.4,
      "l2Regularization": 0.01
    },
    "score": 0.07838661508306764,
    "evaluation": {
      "mse": 0.048838426550279,
      "mae": 0.19617081487652016,
      "directionalAccuracy": 100,
      "validPredictions": 296,
      "totalPredictions": 296
    },
    "timestamp": "2024-11-13T03:53:34.080Z"
  },
  {
    "params": {
      "batchSize": 64,
      "learningRate": 0.0005,
      "lstmUnits": [
        64,
        32
      ],
      "dropoutRate": 0.2,
      "l2Regularization": 0.0001
    },
    "score": 0.06290906752040781,
    "evaluation": {
      "mse": 0.03553336942150386,
      "mae": 0.16231906583935424,
      "directionalAccuracy": 100,
      "validPredictions": 296,
      "totalPredictions": 296
    },
    "timestamp": "2024-11-13T03:56:27.615Z"
  }
]